outside_skill_dictionary,queries,mrr,mrr_lo,mrr_hi,recall@1,recall@1_lo,recall@1_hi,precision@1,precision@1_lo,precision@1_hi,ndcg@1,ndcg@1_lo,ndcg@1_hi,recall@5,recall@5_lo,recall@5_hi,precision@5,precision@5_lo,precision@5_hi,ndcg@5,ndcg@5_lo,ndcg@5_hi,recall@10,recall@10_lo,recall@10_hi,precision@10,precision@10_lo,precision@10_hi,ndcg@10,ndcg@10_lo,ndcg@10_hi,config
False,10,0.95,0.85,1.0,0.0994,0.0526,0.1501,0.9,0.7,1.0,0.9,0.7,1.0,0.4121,0.2772,0.5846,0.82,0.68,0.94,0.8553,0.7176,0.964,0.6179,0.463,0.7611,0.69,0.54,0.84,0.8548,0.7571,0.9394,chunk1024|hybrid|bge-small-en-v1.5|rerank=off
True,12,1.0,1.0,1.0,0.1432,0.0958,0.1989,1.0,1.0,1.0,1.0,1.0,1.0,0.5798,0.4044,0.7675,0.8667,0.75,0.9667,0.9506,0.8761,1.0,0.7596,0.6053,0.8993,0.6667,0.5333,0.8,0.921,0.8491,0.9802,chunk1024|hybrid|bge-small-en-v1.5|rerank=off
False,10,0.95,0.85,1.0,0.0994,0.0526,0.1501,0.9,0.7,1.0,0.9,0.7,1.0,0.4121,0.2772,0.5846,0.82,0.68,0.94,0.8612,0.7279,0.9699,0.6213,0.4664,0.7702,0.7,0.54,0.8502,0.8654,0.7675,0.9487,chunk256|hybrid|bge-small-en-v1.5|rerank=off
True,12,1.0,1.0,1.0,0.1432,0.0958,0.1989,1.0,1.0,1.0,1.0,1.0,1.0,0.5715,0.411,0.7481,0.8667,0.7833,0.95,0.9518,0.8992,1.0,0.7666,0.6121,0.9031,0.675,0.5417,0.8083,0.9288,0.8602,0.9833,chunk256|hybrid|bge-small-en-v1.5|rerank=off
False,10,0.72,0.42,1.0,0.0708,0.0231,0.1265,0.7,0.4,1.0,0.7,0.4,1.0,0.2244,0.1043,0.371,0.54,0.3,0.78,0.587,0.318,0.8318,0.2614,0.1333,0.4078,0.38,0.18,0.6,0.5083,0.2762,0.7332,chunk512|dense|bge-small-en-v1.5|rerank=off
True,12,0.8167,0.6167,1.0,0.0904,0.0463,0.139,0.75,0.5,1.0,0.75,0.5,1.0,0.3187,0.2204,0.4327,0.6,0.3833,0.8,0.6521,0.4476,0.8447,0.3882,0.2715,0.5213,0.4167,0.25,0.5917,0.5646,0.4015,0.7239,chunk512|dense|bge-small-en-v1.5|rerank=off
False,10,0.9,0.7,1.0,0.0994,0.0526,0.1501,0.9,0.7,1.0,0.9,0.7,1.0,0.3464,0.1859,0.5374,0.72,0.48,0.92,0.7785,0.5463,0.9445,0.3968,0.2436,0.5771,0.52,0.3,0.75,0.696,0.4727,0.882,chunk512|dense|bge-small-en-v1.5|rerank=on
True,12,1.0,1.0,1.0,0.1432,0.0958,0.1989,1.0,1.0,1.0,1.0,1.0,1.0,0.4284,0.3127,0.5526,0.7167,0.55,0.8667,0.8261,0.7038,0.9292,0.5153,0.3831,0.6431,0.5,0.3333,0.6752,0.7368,0.611,0.8484,chunk512|dense|bge-small-en-v1.5|rerank=on
False,10,0.95,0.85,1.0,0.0994,0.0537,0.1522,0.9,0.7,1.0,0.9,0.7,1.0,0.3359,0.2335,0.4585,0.72,0.56,0.88,0.7757,0.6246,0.9078,0.597,0.4401,0.7543,0.64,0.52,0.77,0.8011,0.7164,0.8901,chunk512|hybrid|all-mpnet-base-v2|rerank=off
True,12,0.875,0.75,1.0,0.0882,0.0455,0.1322,0.75,0.5,1.0,0.75,0.5,1.0,0.4328,0.3223,0.5357,0.7167,0.5833,0.85,0.7639,0.627,0.8818,0.6968,0.5429,0.8387,0.5917,0.4833,0.7,0.7758,0.6884,0.8554,chunk512|hybrid|all-mpnet-base-v2|rerank=off
False,10,0.95,0.85,1.0,0.0994,0.0526,0.1501,0.9,0.7,1.0,0.9,0.7,1.0,0.4121,0.2772,0.5846,0.82,0.68,0.94,0.8553,0.7176,0.964,0.6179,0.463,0.7611,0.69,0.54,0.84,0.8548,0.7571,0.9394,chunk512|hybrid|bge-small-en-v1.5|rerank=off
True,12,1.0,1.0,1.0,0.1432,0.0958,0.1989,1.0,1.0,1.0,1.0,1.0,1.0,0.5798,0.4044,0.7675,0.8667,0.75,0.9667,0.9506,0.8761,1.0,0.7596,0.6053,0.8993,0.6667,0.5333,0.8,0.921,0.8491,0.9802,chunk512|hybrid|bge-small-en-v1.5|rerank=off
False,10,1.0,1.0,1.0,0.1137,0.0697,0.1604,1.0,1.0,1.0,1.0,1.0,1.0,0.5435,0.3457,0.7434,0.98,0.94,1.0,1.0,1.0,1.0,0.7585,0.5491,0.9561,0.8,0.66,0.92,0.9995,0.9985,1.0,chunk512|hybrid|bge-small-en-v1.5|rerank=on
True,12,1.0,1.0,1.0,0.1432,0.0958,0.1989,1.0,1.0,1.0,1.0,1.0,1.0,0.6187,0.4467,0.798,0.9333,0.85,1.0,1.0,1.0,1.0,0.7904,0.6391,0.9143,0.7,0.5583,0.8333,0.9559,0.917,0.9886,chunk512|hybrid|bge-small-en-v1.5|rerank=on
False,10,1.0,1.0,1.0,0.1137,0.0697,0.1604,1.0,1.0,1.0,1.0,1.0,1.0,0.5435,0.3457,0.7434,0.98,0.94,1.0,1.0,1.0,1.0,0.7585,0.5491,0.9561,0.8,0.66,0.92,1.0,1.0,1.0,chunk512|lexical|none|rerank=off
True,12,1.0,1.0,1.0,0.1432,0.0958,0.1989,1.0,1.0,1.0,1.0,1.0,1.0,0.6187,0.4467,0.798,0.9333,0.85,1.0,1.0,1.0,1.0,0.7968,0.648,0.9197,0.7083,0.5583,0.85,0.962,0.9235,0.9947,chunk512|lexical|none|rerank=off
False,10,1.0,1.0,1.0,0.1137,0.0697,0.1604,1.0,1.0,1.0,1.0,1.0,1.0,0.5435,0.3457,0.7434,0.98,0.94,1.0,1.0,1.0,1.0,0.7585,0.5491,0.9561,0.8,0.66,0.92,1.0,1.0,1.0,chunk512|lexical|none|rerank=on
True,12,1.0,1.0,1.0,0.1432,0.0958,0.1989,1.0,1.0,1.0,1.0,1.0,1.0,0.6187,0.4467,0.798,0.9333,0.85,1.0,1.0,1.0,1.0,0.7968,0.648,0.9197,0.7083,0.5583,0.85,0.962,0.9235,0.9947,chunk512|lexical|none|rerank=on
False,10,1.0,1.0,1.0,0.1137,0.0697,0.1604,1.0,1.0,1.0,1.0,1.0,1.0,0.5435,0.3457,0.7434,0.98,0.94,1.0,1.0,1.0,1.0,0.7585,0.5491,0.9561,0.8,0.66,0.92,1.0,1.0,1.0,chunk512|routed|bge-small-en-v1.5|rerank=off
True,12,1.0,1.0,1.0,0.1432,0.0958,0.1989,1.0,1.0,1.0,1.0,1.0,1.0,0.6187,0.4467,0.798,0.9333,0.85,1.0,1.0,1.0,1.0,0.7968,0.648,0.9197,0.7083,0.5583,0.85,0.962,0.9235,0.9947,chunk512|routed|bge-small-en-v1.5|rerank=off
False,10,1.0,1.0,1.0,0.1137,0.0697,0.1604,1.0,1.0,1.0,1.0,1.0,1.0,0.5435,0.3457,0.7434,0.98,0.94,1.0,1.0,1.0,1.0,0.7585,0.5491,0.9561,0.8,0.66,0.92,1.0,1.0,1.0,chunk512|routed|bge-small-en-v1.5|rerank=on
True,12,1.0,1.0,1.0,0.1432,0.0958,0.1989,1.0,1.0,1.0,1.0,1.0,1.0,0.6187,0.4467,0.798,0.9333,0.85,1.0,1.0,1.0,1.0,0.7968,0.648,0.9197,0.7083,0.5583,0.85,0.962,0.9235,0.9947,chunk512|routed|bge-small-en-v1.5|rerank=on
