config,queries,mrr,mrr_lo,mrr_hi,recall@1,recall@1_lo,recall@1_hi,precision@1,precision@1_lo,precision@1_hi,ndcg@1,ndcg@1_lo,ndcg@1_hi,recall@5,recall@5_lo,recall@5_hi,precision@5,precision@5_lo,precision@5_hi,ndcg@5,ndcg@5_lo,ndcg@5_hi,recall@10,recall@10_lo,recall@10_hi,precision@10,precision@10_lo,precision@10_hi,ndcg@10,ndcg@10_lo,ndcg@10_hi
chunk1024|hybrid|bge-small-en-v1.5|rerank=off,73,0.7127,0.6217,0.7982,0.0516,0.0342,0.0711,0.6164,0.5068,0.726,0.6164,0.5068,0.726,0.2053,0.1457,0.2738,0.5507,0.4685,0.6329,0.5777,0.4935,0.6643,0.2933,0.2187,0.3704,0.4616,0.389,0.537,0.5475,0.466,0.6302
chunk256|hybrid|bge-small-en-v1.5|rerank=off,73,0.7053,0.6148,0.7935,0.0511,0.0339,0.0706,0.6027,0.4932,0.7123,0.6027,0.4932,0.7123,0.2023,0.1438,0.2691,0.5397,0.4548,0.6219,0.5692,0.4856,0.6569,0.295,0.2191,0.3721,0.4671,0.3904,0.5438,0.5495,0.4681,0.6318
chunk512|dense|bge-small-en-v1.5|rerank=off,73,0.6264,0.5262,0.723,0.0372,0.0235,0.0541,0.5479,0.4384,0.6575,0.5479,0.4384,0.6575,0.1212,0.0834,0.166,0.4164,0.3342,0.5041,0.4484,0.3631,0.5351,0.1786,0.1357,0.2264,0.3644,0.2932,0.4384,0.4219,0.3456,0.4974
chunk512|dense|bge-small-en-v1.5|rerank=on,73,0.7343,0.6496,0.8205,0.0511,0.0339,0.0701,0.6438,0.5342,0.7534,0.6438,0.5342,0.7534,0.1731,0.124,0.2269,0.5068,0.4274,0.5918,0.5492,0.4676,0.6353,0.2283,0.1753,0.2837,0.4164,0.3411,0.4932,0.5049,0.4287,0.5828
chunk512|hybrid|all-mpnet-base-v2|rerank=off,73,0.665,0.5761,0.7479,0.0384,0.0246,0.0542,0.5342,0.4243,0.6438,0.5342,0.4243,0.6438,0.1727,0.1281,0.2218,0.5068,0.4274,0.5836,0.527,0.4469,0.608,0.2957,0.2199,0.3748,0.4493,0.3808,0.5192,0.5196,0.4448,0.596
chunk512|hybrid|bge-small-en-v1.5|rerank=off,73,0.7058,0.6131,0.7934,0.0505,0.0335,0.0698,0.6027,0.4932,0.7123,0.6027,0.4932,0.7123,0.2054,0.1458,0.2738,0.5534,0.4712,0.6329,0.5767,0.4929,0.6628,0.2924,0.2172,0.369,0.4616,0.3877,0.537,0.5456,0.4657,0.6285
chunk512|hybrid|bge-small-en-v1.5|rerank=on,73,0.7859,0.6961,0.865,0.0568,0.0397,0.076,0.726,0.6164,0.8219,0.726,0.6164,0.8219,0.2407,0.1689,0.3172,0.5918,0.5068,0.674,0.6277,0.5425,0.7144,0.3381,0.2546,0.4216,0.4945,0.4178,0.5699,0.5983,0.516,0.6831
chunk512|lexical|none|rerank=off,73,0.6353,0.5342,0.7341,0.0542,0.0365,0.0742,0.5616,0.4384,0.6712,0.5616,0.4384,0.6712,0.2255,0.1546,0.3055,0.4932,0.4,0.5863,0.5206,0.4223,0.6198,0.3096,0.2214,0.3993,0.4192,0.3397,0.4973,0.5098,0.4167,0.5997
chunk512|lexical|none|rerank=on,73,0.7423,0.6444,0.8303,0.0552,0.0381,0.0746,0.6849,0.5753,0.7945,0.6849,0.5753,0.7945,0.2353,0.1653,0.3112,0.5699,0.4795,0.6575,0.6032,0.5115,0.6943,0.3365,0.2495,0.421,0.4863,0.4068,0.5671,0.5843,0.4952,0.6747
chunk512|routed|bge-small-en-v1.5|rerank=off,73,0.6999,0.608,0.7923,0.0518,0.0343,0.0714,0.6164,0.5068,0.726,0.6164,0.5068,0.726,0.2177,0.1475,0.2962,0.5534,0.463,0.6466,0.578,0.4849,0.6714,0.3217,0.2387,0.4077,0.4932,0.4164,0.5699,0.5727,0.4866,0.6611
chunk512|routed|bge-small-en-v1.5|rerank=on,73,0.751,0.6615,0.8321,0.0531,0.0357,0.0724,0.6575,0.5479,0.7671,0.6575,0.5479,0.7671,0.2335,0.164,0.3101,0.5945,0.5096,0.6822,0.6193,0.5316,0.7075,0.3276,0.2458,0.4129,0.5014,0.426,0.5781,0.5938,0.5085,0.677
