config,query_class,queries,mrr,mrr_lo,mrr_hi,recall@1,recall@1_lo,recall@1_hi,precision@1,precision@1_lo,precision@1_hi,ndcg@1,ndcg@1_lo,ndcg@1_hi,recall@5,recall@5_lo,recall@5_hi,precision@5,precision@5_lo,precision@5_hi,ndcg@5,ndcg@5_lo,ndcg@5_hi,recall@10,recall@10_lo,recall@10_hi,precision@10,precision@10_lo,precision@10_hi,ndcg@10,ndcg@10_lo,ndcg@10_hi,recall_at_10_ceiling,mean_relevant_documents
chunk1024|hybrid|bge-small-en-v1.5|rerank=off,aggregation,17,0.7667,0.6216,0.8941,0.0089,0.0039,0.0145,0.5882,0.3529,0.8235,0.5882,0.3529,0.8235,0.0542,0.0344,0.0768,0.6706,0.5294,0.8,0.656,0.5216,0.7835,0.102,0.0622,0.1475,0.6294,0.4824,0.7647,0.6302,0.4896,0.7623,0.1779,147.7647
chunk1024|hybrid|bge-small-en-v1.5|rerank=off,lexical,22,0.9773,0.9318,1.0,0.1233,0.0886,0.1625,0.9545,0.8636,1.0,0.9545,0.8636,1.0,0.5036,0.3861,0.6385,0.8455,0.7545,0.9182,0.9073,0.8282,0.973,0.6952,0.5888,0.7987,0.6773,0.5727,0.7727,0.8909,0.8307,0.9418,0.8076,15.2727
chunk1024|hybrid|bge-small-en-v1.5|rerank=off,mixed,12,0.4097,0.1667,0.6599,0.0409,0.0069,0.0852,0.3333,0.0833,0.5833,0.3333,0.0833,0.5833,0.1159,0.039,0.2096,0.1833,0.0667,0.3167,0.2197,0.0743,0.3824,0.1646,0.0611,0.2873,0.1333,0.0417,0.2417,0.2014,0.0761,0.3462,0.9508,7.6667
chunk1024|hybrid|bge-small-en-v1.5|rerank=off,semantic,22,0.5716,0.4008,0.7367,0.0186,0.0088,0.0293,0.4545,0.2716,0.6364,0.4545,0.2716,0.6364,0.0725,0.0434,0.1045,0.3636,0.2543,0.4818,0.3829,0.2579,0.5122,0.1096,0.0693,0.1529,0.2955,0.2,0.4,0.3292,0.2251,0.4384,0.4854,28.8182
chunk256|hybrid|bge-small-en-v1.5|rerank=off,aggregation,17,0.7618,0.6176,0.8971,0.0114,0.0047,0.0186,0.5882,0.3529,0.8235,0.5882,0.3529,0.8235,0.0552,0.0344,0.0779,0.6471,0.5176,0.7765,0.6383,0.4986,0.7775,0.1045,0.064,0.1502,0.6412,0.4824,0.7824,0.6358,0.4886,0.7766,0.1779,147.7647
chunk256|hybrid|bge-small-en-v1.5|rerank=off,lexical,22,0.9773,0.9318,1.0,0.1233,0.0886,0.1625,0.9545,0.8636,1.0,0.9545,0.8636,1.0,0.499,0.3883,0.6275,0.8455,0.7636,0.9182,0.9107,0.8403,0.9684,0.7005,0.5955,0.8067,0.6864,0.5817,0.7864,0.8999,0.8404,0.9502,0.8076,15.2727
chunk256|hybrid|bge-small-en-v1.5|rerank=off,mixed,12,0.4008,0.1627,0.6508,0.0409,0.0069,0.0852,0.3333,0.0833,0.5833,0.3333,0.0833,0.5833,0.1159,0.039,0.2096,0.1833,0.0667,0.3167,0.2212,0.0707,0.3844,0.1646,0.0611,0.2873,0.1333,0.0417,0.2417,0.2012,0.0748,0.3454,0.9508,7.6667
chunk256|hybrid|bge-small-en-v1.5|rerank=off,semantic,22,0.5558,0.3906,0.7185,0.0151,0.007,0.0243,0.4091,0.2273,0.5909,0.4091,0.2273,0.5909,0.0662,0.0394,0.0949,0.3455,0.2364,0.4636,0.3642,0.242,0.492,0.108,0.0714,0.1484,0.2955,0.2045,0.3909,0.3224,0.2253,0.4239,0.4854,28.8182
chunk512|dense|bge-small-en-v1.5|rerank=off,aggregation,17,0.7451,0.5782,0.9118,0.0088,0.004,0.0144,0.6471,0.4118,0.8824,0.6471,0.4118,0.8824,0.0392,0.0209,0.0599,0.5765,0.4235,0.7294,0.5879,0.4408,0.7418,0.0686,0.0378,0.1053,0.5294,0.3765,0.6824,0.5527,0.403,0.7051,0.1779,147.7647
chunk512|dense|bge-small-en-v1.5|rerank=off,lexical,22,0.7727,0.6045,0.9182,0.0815,0.0474,0.1183,0.7273,0.5455,0.9091,0.7273,0.5455,0.9091,0.2759,0.1969,0.3651,0.5727,0.418,0.7273,0.6225,0.4606,0.7739,0.3306,0.2418,0.434,0.4,0.2727,0.5319,0.539,0.3989,0.6705,0.8076,15.2727
chunk512|dense|bge-small-en-v1.5|rerank=off,mixed,12,0.294,0.0659,0.5313,0.0333,0.0,0.0765,0.25,0.0,0.5,0.25,0.0,0.5,0.075,0.0,0.1778,0.1167,0.0,0.2667,0.1537,0.0,0.3322,0.157,0.0528,0.2806,0.125,0.0417,0.2333,0.1722,0.047,0.3254,0.9508,7.6667
chunk512|dense|bge-small-en-v1.5|rerank=off,semantic,22,0.5696,0.3882,0.7374,0.017,0.0078,0.0267,0.4545,0.2273,0.6818,0.4545,0.2273,0.6818,0.055,0.031,0.082,0.3,0.1818,0.4182,0.3271,0.2041,0.4478,0.1236,0.0876,0.1614,0.3318,0.2273,0.4364,0.34,0.2335,0.443,0.4854,28.8182
chunk512|dense|bge-small-en-v1.5|rerank=on,aggregation,17,0.8613,0.6933,1.0,0.0119,0.0068,0.0172,0.8235,0.6471,1.0,0.8235,0.6471,1.0,0.049,0.0272,0.0715,0.6235,0.4471,0.7765,0.6652,0.4978,0.8162,0.0866,0.0466,0.1295,0.5882,0.4176,0.7529,0.6254,0.4619,0.7817,0.1779,147.7647
chunk512|dense|bge-small-en-v1.5|rerank=on,lexical,22,0.9545,0.8636,1.0,0.1233,0.0886,0.1625,0.9545,0.8636,1.0,0.9545,0.8636,1.0,0.3911,0.2912,0.5016,0.7182,0.5818,0.8455,0.8044,0.6881,0.9073,0.4615,0.3554,0.568,0.5091,0.3727,0.6455,0.7182,0.5992,0.8245,0.8076,15.2727
chunk512|dense|bge-small-en-v1.5|rerank=on,mixed,12,0.4563,0.2202,0.6944,0.0409,0.0069,0.0852,0.3333,0.0833,0.5833,0.3333,0.0833,0.5833,0.1437,0.0566,0.2397,0.2167,0.0833,0.35,0.2581,0.1091,0.4207,0.1854,0.0833,0.2909,0.1333,0.0583,0.225,0.2244,0.1015,0.3596,0.9508,7.6667
chunk512|dense|bge-small-en-v1.5|rerank=on,semantic,22,0.5674,0.4151,0.7134,0.0146,0.0061,0.0241,0.3636,0.1818,0.5455,0.3636,0.1818,0.5455,0.0669,0.0459,0.0901,0.3636,0.2545,0.4818,0.3632,0.2566,0.4839,0.1282,0.0985,0.159,0.3455,0.2591,0.4409,0.3514,0.2612,0.4555,0.4854,28.8182
chunk512|hybrid|all-mpnet-base-v2|rerank=off,aggregation,17,0.7094,0.5287,0.8824,0.0089,0.0039,0.0145,0.5882,0.3529,0.8235,0.5882,0.3529,0.8235,0.0478,0.0278,0.071,0.6353,0.4824,0.7765,0.6306,0.4699,0.7855,0.0878,0.0517,0.1293,0.5941,0.4587,0.7294,0.6055,0.4626,0.7413,0.1779,147.7647
chunk512|hybrid|all-mpnet-base-v2|rerank=off,lexical,22,0.9091,0.8182,0.9773,0.0933,0.0624,0.1267,0.8182,0.6364,0.9545,0.8182,0.6364,0.9545,0.3888,0.3135,0.4722,0.7182,0.618,0.8182,0.7692,0.6696,0.8598,0.6514,0.5436,0.7663,0.6136,0.5318,0.7,0.7873,0.7272,0.8468,0.8076,15.2727
chunk512|hybrid|all-mpnet-base-v2|rerank=off,mixed,12,0.3917,0.175,0.625,0.0264,0.0,0.0541,0.25,0.0,0.5,0.25,0.0,0.5,0.1411,0.0528,0.2427,0.2167,0.0833,0.3833,0.2332,0.0916,0.3928,0.232,0.0736,0.4266,0.175,0.0583,0.325,0.2362,0.0907,0.4077,0.9508,7.6667
chunk512|hybrid|all-mpnet-base-v2|rerank=off,semantic,22,0.5356,0.3803,0.6894,0.0128,0.005,0.0219,0.3636,0.1818,0.5455,0.3636,0.1818,0.5455,0.0705,0.0429,0.1003,0.3545,0.2364,0.4727,0.3649,0.2383,0.4957,0.1355,0.0857,0.1883,0.3227,0.2273,0.4136,0.3401,0.2345,0.4446,0.4854,28.8182
chunk512|hybrid|bge-small-en-v1.5|rerank=off,aggregation,17,0.7667,0.6216,0.8941,0.0089,0.0039,0.0145,0.5882,0.3529,0.8235,0.5882,0.3529,0.8235,0.0542,0.0344,0.0768,0.6706,0.5294,0.8,0.656,0.5216,0.7835,0.102,0.0622,0.1475,0.6294,0.4824,0.7647,0.6305,0.4899,0.7626,0.1779,147.7647
chunk512|hybrid|bge-small-en-v1.5|rerank=off,lexical,22,0.9773,0.9318,1.0,0.1233,0.0886,0.1625,0.9545,0.8636,1.0,0.9545,0.8636,1.0,0.5036,0.3861,0.6385,0.8455,0.7545,0.9182,0.9073,0.8282,0.973,0.6952,0.5888,0.7987,0.6773,0.5727,0.7727,0.8909,0.8307,0.9418,0.8076,15.2727
chunk512|hybrid|bge-small-en-v1.5|rerank=off,mixed,12,0.4097,0.1667,0.6599,0.0409,0.0069,0.0852,0.3333,0.0833,0.5833,0.3333,0.0833,0.5833,0.1159,0.039,0.2096,0.1833,0.0667,0.3167,0.2197,0.0743,0.3824,0.1646,0.0611,0.2873,0.1333,0.0417,0.2417,0.2011,0.0761,0.3452,0.9508,7.6667
chunk512|hybrid|bge-small-en-v1.5|rerank=off,semantic,22,0.5489,0.3875,0.714,0.0151,0.007,0.0243,0.4091,0.2273,0.5909,0.4091,0.2273,0.5909,0.073,0.0439,0.1048,0.3727,0.2634,0.4909,0.3794,0.2555,0.5059,0.1063,0.0681,0.1464,0.2955,0.2,0.3955,0.3227,0.2234,0.4285,0.4854,28.8182
chunk512|hybrid|bge-small-en-v1.5|rerank=on,aggregation,17,0.8745,0.7333,1.0,0.0121,0.0074,0.0176,0.8235,0.6471,1.0,0.8235,0.6471,1.0,0.0584,0.0339,0.0853,0.6941,0.5412,0.8471,0.7129,0.5609,0.8582,0.1016,0.06,0.145,0.6412,0.4824,0.7882,0.6694,0.5186,0.8098,0.1779,147.7647
chunk512|hybrid|bge-small-en-v1.5|rerank=on,lexical,22,1.0,1.0,1.0,0.1298,0.0972,0.1664,1.0,1.0,1.0,1.0,1.0,1.0,0.5845,0.4596,0.7179,0.9545,0.9,0.9909,1.0,1.0,1.0,0.7759,0.6579,0.8853,0.7455,0.6453,0.8409,0.9757,0.9518,0.9941,0.8076,15.2727
chunk512|hybrid|bge-small-en-v1.5|rerank=on,mixed,12,0.5188,0.2857,0.7599,0.0528,0.0151,0.1014,0.4167,0.1667,0.6667,0.4167,0.1667,0.6667,0.1884,0.0813,0.3204,0.2667,0.1333,0.4167,0.3054,0.1482,0.4757,0.2898,0.1542,0.4371,0.2,0.1083,0.2917,0.3003,0.1664,0.4419,0.9508,7.6667
chunk512|hybrid|bge-small-en-v1.5|rerank=on,semantic,22,0.649,0.4785,0.8106,0.0204,0.011,0.0307,0.5455,0.3182,0.7284,0.5455,0.3182,0.7284,0.0661,0.0442,0.0899,0.3273,0.2273,0.4364,0.3655,0.254,0.4811,0.1094,0.0751,0.1476,0.2909,0.2,0.3864,0.3286,0.236,0.4279,0.4854,28.8182
chunk512|lexical|none|rerank=off,aggregation,17,0.5874,0.3982,0.7786,0.0049,0.0013,0.0092,0.4706,0.2353,0.7059,0.4706,0.2353,0.7059,0.0331,0.0165,0.0525,0.4706,0.2941,0.6588,0.463,0.2765,0.653,0.0823,0.0477,0.1204,0.5294,0.4118,0.6529,0.5063,0.3718,0.6477,0.1779,147.7647
chunk512|lexical|none|rerank=off,lexical,22,1.0,1.0,1.0,0.1298,0.0972,0.1664,1.0,1.0,1.0,1.0,1.0,1.0,0.5845,0.4596,0.7179,0.9545,0.9,0.9909,1.0,1.0,1.0,0.7794,0.661,0.8904,0.75,0.6455,0.8455,0.9793,0.9555,0.9971,0.8076,15.2727
chunk512|lexical|none|rerank=off,mixed,12,0.625,0.375,0.8333,0.071,0.0264,0.123,0.5,0.25,0.75,0.5,0.25,0.75,0.2096,0.1028,0.3387,0.3,0.1667,0.4333,0.3575,0.2109,0.5045,0.2661,0.127,0.4348,0.1917,0.1,0.3,0.3185,0.1813,0.4673,0.9508,7.6667
chunk512|lexical|none|rerank=off,semantic,22,0.3134,0.1543,0.4848,0.0077,0.0016,0.017,0.2273,0.0909,0.4091,0.2273,0.0909,0.4091,0.0237,0.01,0.0419,0.1545,0.0727,0.2545,0.1747,0.078,0.2878,0.039,0.0201,0.0604,0.1273,0.0682,0.1955,0.1476,0.0737,0.2295,0.4854,28.8182
chunk512|lexical|none|rerank=on,aggregation,17,0.9088,0.7735,1.0,0.0152,0.009,0.022,0.8824,0.7059,1.0,0.8824,0.7059,1.0,0.061,0.0384,0.0841,0.7412,0.6118,0.8588,0.7626,0.6244,0.884,0.1221,0.0814,0.1653,0.7588,0.6412,0.8706,0.7663,0.6458,0.8761,0.1779,147.7647
chunk512|lexical|none|rerank=on,lexical,22,1.0,1.0,1.0,0.1298,0.0972,0.1664,1.0,1.0,1.0,1.0,1.0,1.0,0.5845,0.4596,0.7179,0.9545,0.9,0.9909,1.0,1.0,1.0,0.7794,0.661,0.8904,0.75,0.6455,0.8455,0.9793,0.9555,0.9971,0.8076,15.2727
chunk512|lexical|none|rerank=on,mixed,12,0.5397,0.3056,0.7739,0.0528,0.0151,0.1014,0.4167,0.1667,0.6667,0.4167,0.1667,0.6667,0.1946,0.0988,0.2902,0.3,0.15,0.4504,0.3395,0.1748,0.5133,0.3288,0.1847,0.478,0.2333,0.125,0.35,0.3386,0.1924,0.4914,0.9508,7.6667
chunk512|lexical|none|rerank=on,semantic,22,0.4663,0.2841,0.6535,0.0128,0.0051,0.0221,0.3636,0.1818,0.5466,0.3636,0.1818,0.5466,0.043,0.0244,0.063,0.2,0.1273,0.2818,0.2271,0.1431,0.3131,0.0635,0.0369,0.093,0.15,0.1,0.2045,0.1827,0.1201,0.2472,0.4854,28.8182
chunk512|routed|bge-small-en-v1.5|rerank=off,aggregation,17,0.7667,0.6216,0.8941,0.0089,0.0039,0.0145,0.5882,0.3529,0.8235,0.5882,0.3529,0.8235,0.0542,0.0344,0.0768,0.6706,0.5294,0.8,0.656,0.5216,0.7835,0.102,0.0622,0.1475,0.6294,0.4824,0.7647,0.6305,0.4899,0.7626,0.1779,147.7647
chunk512|routed|bge-small-en-v1.5|rerank=off,lexical,22,1.0,1.0,1.0,0.1298,0.0972,0.1664,1.0,1.0,1.0,1.0,1.0,1.0,0.5845,0.4596,0.7179,0.9545,0.9,0.9909,1.0,1.0,1.0,0.7794,0.661,0.8904,0.75,0.6455,0.8455,0.9793,0.9555,0.9971,0.8076,15.2727
chunk512|routed|bge-small-en-v1.5|rerank=off,mixed,12,0.294,0.0659,0.5313,0.0333,0.0,0.0765,0.25,0.0,0.5,0.25,0.0,0.5,0.075,0.0,0.1778,0.1167,0.0,0.2667,0.1537,0.0,0.3322,0.157,0.0528,0.2806,0.125,0.0417,0.2333,0.1722,0.047,0.3254,0.9508,7.6667
chunk512|routed|bge-small-en-v1.5|rerank=off,semantic,22,0.5696,0.3882,0.7374,0.017,0.0078,0.0267,0.4545,0.2273,0.6818,0.4545,0.2273,0.6818,0.055,0.031,0.082,0.3,0.1818,0.4182,0.3271,0.2041,0.4478,0.1236,0.0876,0.1614,0.3318,0.2273,0.4364,0.34,0.2335,0.443,0.4854,28.8182
chunk512|routed|bge-small-en-v1.5|rerank=on,aggregation,17,0.8745,0.7333,1.0,0.0121,0.0074,0.0176,0.8235,0.6471,1.0,0.8235,0.6471,1.0,0.0584,0.0339,0.0853,0.6941,0.5412,0.8471,0.7129,0.5609,0.8582,0.1016,0.06,0.145,0.6412,0.4824,0.7882,0.6694,0.5186,0.8098,0.1779,147.7647
chunk512|routed|bge-small-en-v1.5|rerank=on,lexical,22,1.0,1.0,1.0,0.1298,0.0972,0.1664,1.0,1.0,1.0,1.0,1.0,1.0,0.5845,0.4596,0.7179,0.9545,0.9,0.9909,1.0,1.0,1.0,0.7794,0.661,0.8904,0.75,0.6455,0.8455,0.9793,0.9555,0.9971,0.8076,15.2727
chunk512|routed|bge-small-en-v1.5|rerank=on,mixed,12,0.4563,0.2202,0.6944,0.0409,0.0069,0.0852,0.3333,0.0833,0.5833,0.3333,0.0833,0.5833,0.1437,0.0566,0.2397,0.2167,0.0833,0.35,0.2581,0.1091,0.4207,0.1854,0.0833,0.2909,0.1333,0.0583,0.225,0.2244,0.1015,0.3596,0.9508,7.6667
chunk512|routed|bge-small-en-v1.5|rerank=on,semantic,22,0.5674,0.4151,0.7134,0.0146,0.0061,0.0241,0.3636,0.1818,0.5455,0.3636,0.1818,0.5455,0.0669,0.0459,0.0901,0.3636,0.2545,0.4818,0.3632,0.2566,0.4839,0.1282,0.0985,0.159,0.3455,0.2591,0.4409,0.3514,0.2612,0.4555,0.4854,28.8182
