metric,config_a,config_b,queries,mean_a,mean_b,mean_difference,difference_lo,difference_hi,distinguishable,a_wins,a_loses,ties,query_class
ndcg@10,chunk512|lexical|none|rerank=off,chunk512|hybrid|bge-small-en-v1.5|rerank=off,73,0.5098,0.5456,-0.0358,-0.0953,0.0244,False,23,31,19,
ndcg@10,chunk512|lexical|none|rerank=off,chunk512|hybrid|bge-small-en-v1.5|rerank=off,17,0.5063,0.6305,-0.1243,-0.2759,0.0305,False,4,12,1,aggregation
ndcg@10,chunk512|lexical|none|rerank=off,chunk512|hybrid|bge-small-en-v1.5|rerank=off,22,0.9793,0.8909,0.0884,0.0426,0.1418,True,11,0,11,lexical
ndcg@10,chunk512|lexical|none|rerank=off,chunk512|hybrid|bge-small-en-v1.5|rerank=off,12,0.3185,0.2011,0.1174,-0.0194,0.2682,False,6,3,3,mixed
ndcg@10,chunk512|lexical|none|rerank=off,chunk512|hybrid|bge-small-en-v1.5|rerank=off,22,0.1476,0.3227,-0.1751,-0.2557,-0.0946,True,2,16,4,semantic
ndcg@10,chunk512|lexical|none|rerank=off,chunk512|hybrid|bge-small-en-v1.5|rerank=on,73,0.5098,0.5983,-0.0885,-0.1451,-0.0319,True,14,33,26,
ndcg@10,chunk512|lexical|none|rerank=off,chunk512|hybrid|bge-small-en-v1.5|rerank=on,17,0.5063,0.6694,-0.1632,-0.3326,0.0078,False,5,11,1,aggregation
ndcg@10,chunk512|lexical|none|rerank=off,chunk512|hybrid|bge-small-en-v1.5|rerank=on,22,0.9793,0.9757,0.0036,0.0,0.0105,False,2,0,20,lexical
ndcg@10,chunk512|lexical|none|rerank=off,chunk512|hybrid|bge-small-en-v1.5|rerank=on,12,0.3185,0.3003,0.0182,-0.1234,0.1588,False,5,5,2,mixed
ndcg@10,chunk512|lexical|none|rerank=off,chunk512|hybrid|bge-small-en-v1.5|rerank=on,22,0.1476,0.3286,-0.181,-0.2617,-0.0999,True,2,17,3,semantic
ndcg@10,chunk512|routed|bge-small-en-v1.5|rerank=off,chunk512|hybrid|bge-small-en-v1.5|rerank=off,73,0.5727,0.5456,0.0271,0.0008,0.0546,True,25,12,36,
ndcg@10,chunk512|routed|bge-small-en-v1.5|rerank=off,chunk512|hybrid|bge-small-en-v1.5|rerank=off,17,0.6305,0.6305,0.0,0.0,0.0,False,0,0,17,aggregation
ndcg@10,chunk512|routed|bge-small-en-v1.5|rerank=off,chunk512|hybrid|bge-small-en-v1.5|rerank=off,22,0.9793,0.8909,0.0884,0.0426,0.1418,True,11,0,11,lexical
ndcg@10,chunk512|routed|bge-small-en-v1.5|rerank=off,chunk512|hybrid|bge-small-en-v1.5|rerank=off,12,0.1722,0.2011,-0.0289,-0.0712,0.0003,False,1,4,7,mixed
ndcg@10,chunk512|routed|bge-small-en-v1.5|rerank=off,chunk512|hybrid|bge-small-en-v1.5|rerank=off,22,0.34,0.3227,0.0172,-0.0447,0.0814,False,13,8,1,semantic
ndcg@10,chunk512|routed|bge-small-en-v1.5|rerank=off,chunk512|hybrid|bge-small-en-v1.5|rerank=on,73,0.5727,0.5983,-0.0256,-0.0572,0.0053,False,17,25,31,
ndcg@10,chunk512|routed|bge-small-en-v1.5|rerank=off,chunk512|hybrid|bge-small-en-v1.5|rerank=on,17,0.6305,0.6694,-0.0389,-0.104,0.0296,False,4,8,5,aggregation
ndcg@10,chunk512|routed|bge-small-en-v1.5|rerank=off,chunk512|hybrid|bge-small-en-v1.5|rerank=on,22,0.9793,0.9757,0.0036,0.0,0.0105,False,2,0,20,lexical
ndcg@10,chunk512|routed|bge-small-en-v1.5|rerank=off,chunk512|hybrid|bge-small-en-v1.5|rerank=on,12,0.1722,0.3003,-0.1281,-0.217,-0.0421,True,1,7,4,mixed
ndcg@10,chunk512|routed|bge-small-en-v1.5|rerank=off,chunk512|hybrid|bge-small-en-v1.5|rerank=on,22,0.34,0.3286,0.0114,-0.0517,0.0775,False,10,10,2,semantic
ndcg@10,chunk512|dense|bge-small-en-v1.5|rerank=off,chunk512|hybrid|bge-small-en-v1.5|rerank=off,73,0.4219,0.5456,-0.1237,-0.1813,-0.069,True,19,40,14,
ndcg@10,chunk512|dense|bge-small-en-v1.5|rerank=off,chunk512|hybrid|bge-small-en-v1.5|rerank=off,17,0.5527,0.6305,-0.0778,-0.169,0.0146,False,5,9,3,aggregation
ndcg@10,chunk512|dense|bge-small-en-v1.5|rerank=off,chunk512|hybrid|bge-small-en-v1.5|rerank=off,22,0.539,0.8909,-0.3519,-0.458,-0.2497,True,0,19,3,lexical
ndcg@10,chunk512|dense|bge-small-en-v1.5|rerank=off,chunk512|hybrid|bge-small-en-v1.5|rerank=off,12,0.1722,0.2011,-0.0289,-0.0712,0.0003,False,1,4,7,mixed
ndcg@10,chunk512|dense|bge-small-en-v1.5|rerank=off,chunk512|hybrid|bge-small-en-v1.5|rerank=off,22,0.34,0.3227,0.0172,-0.0447,0.0814,False,13,8,1,semantic
